{"RUNNING LOSS    ": 0.17476607859134674, "RUNNING R2": 0.9766793449424663, "train/epoch": 131.96875, "_timestamp": 1706626541.4776547, "_runtime": 44.09070062637329, "_step": 4222}